{
  "width": 512,
  "height": 512,
  "distortion_model": "rational_polynomial",
  "D": [
    22.013,
    12.4587,
    8.35928e-05,
    5.23677e-06,
    0.533646,
    22.3015,
    19.9404,
    3.08451
  ],
  "K": [
    [252.003, 0.0, 263.51],
    [0.0, 251.966, 260.239],
    [0.0, 0.0, 1.0]
  ]
}
