{
  "width": 3840,
  "height": 2160,
  "distortion_model": "rational_polynomial",
  "D": [
    0.0779024,
    -0.106185,
    -0.000293252,
    -4.25309e-05,
    0.0436494,
    0,
    0,
    0
  ],
  "K": [
    [2246.03, 0.0, 1903.48],
    [0.0, 2244.84, 1091.56],
    [0.0, 0.0, 1.0]
  ]
}
